Wine_ID,Grape_Cultivar,Brown_Color_avg,Orange_Color_avg,Red_Color_avg,Green_Color_avg,Yellow_Color_avg,Pink_Color_avg,Muscadine_Fruity_Aroma_avg,Red_Fruit_Aroma_avg,Apple_Pear_Aroma_avg,Bubblegum_Aroma_avg,Chemical_Aroma_avg,Jammy_Aroma_avg,Floral_Aroma_avg,Herbaceous_Aroma_avg,Green_Grassy_Aroma_avg,Petroleum_Aroma_avg,Spice_Aroma_avg,Stone_Fruits_Aroma_avg,Wood_Aroma_avg,Earthy_Aroma_avg,Sulfidic_Aroma_avg,Sulfite_Aroma_avg,Acetic_Aroma_avg,Oxidized_Aroma_avg,Foxy_Aroma_avg,Citrus_Aroma_avg,Honey_Aroma_avg,Stone_Fruit_Aroma_avg,Tropical_Aroma_avg,Muscadine_Taste_avg,Red_Fruit_Taste_avg,Sweet_Taste_avg,Bitter_Taste_avg,Sour_Taste_avg,Astringent_Taste_avg,Dry_Taste_avg,Oxidized_Taste_avg,Herbaceous_Taste_avg,Green_Grassy_Taste_avg,Jammy_Taste_avg,Crisp_Taste_avg,Honey_Taste_avg,Color_Liking_avg,Aroma_Liking_avg,Taste_Liking_avg,Overall_Quality_Liking_avg,Color_Intensity_avg,Muscadine_Aroma_Intensity_avg,Muscadine_Flavor_Intensity_avg,Sweetness_Intensity_avg,Bitterness_Intensity_avg,Astringency_Intensity_avg,Sourness_Intensity_avg
A1,Noble,0.055555556,0.018518519,1,NA,NA,NA,0.851851852,0.703703704,0.240740741,0.203703704,0.203703704,0.444444444,0.240740741,0.055555556,0.018518519,0.055555556,0.222222222,0.111111111,0.148148148,0.074074074,0.018518519,0.148148148,0.055555556,0.055555556,0.055555556,NA,NA,NA,NA,0.888888889,0.703703704,0.833333333,0.222222222,0.537037037,0.444444444,0.425925926,0.037037037,0.148148148,0.055555556,0.388888889,NA,NA,8.148148148,6.722222222,6.62962963,6.888888889,83.87037037,59.27777778,59.74074074,46.37037037,17.61111111,30.77777778,31.61111111
B1,Noble,0.166666667,0.166666667,1,NA,NA,NA,1,0.555555556,0.277777778,0.333333333,0.111111111,0.277777778,0.222222222,0.055555556,0.055555556,0.277777778,0.222222222,0.111111111,0.111111111,0,0.222222222,0.222222222,0.111111111,0.111111111,0.333333333,NA,NA,NA,NA,0.888888889,0.666666667,0.666666667,0.555555556,0.611111111,0.333333333,0.5,0.277777778,0.111111111,0,0.444444444,NA,NA,6.888888889,5.722222222,5.166666667,5.333333333,72.16666667,60.55555556,49.22222222,41.33333333,25.5,32.11111111,31.22222222
C1,Noble,0.111111111,0.277777778,0.944444444,NA,NA,NA,0.833333333,0.611111111,0.277777778,0.444444444,0.222222222,0.388888889,0.277777778,0,0.055555556,0.166666667,0.333333333,0.277777778,0.277777778,0,0,0.277777778,0.055555556,0.111111111,0.166666667,NA,NA,NA,NA,0.555555556,0.166666667,0.166666667,0.722222222,0.666666667,0.777777778,0.777777778,0.277777778,0.055555556,0.055555556,0.055555556,NA,NA,7.166666667,5.944444444,2.944444444,4.111111111,79.16666667,60.38888889,33.72222222,14.22222222,45.22222222,44.22222222,42
D1,Noble,0.222222222,0.166666667,0.888888889,NA,NA,NA,1,0.555555556,0.166666667,0.555555556,0.222222222,0.555555556,0.111111111,0.055555556,0.055555556,0.222222222,0.166666667,0.166666667,0.111111111,0.222222222,0.111111111,0.277777778,0.055555556,0.166666667,0.277777778,NA,NA,NA,NA,0.888888889,0.777777778,1,0.222222222,0.277777778,0.166666667,0.222222222,0,0.055555556,0.055555556,0.722222222,NA,NA,5.666666667,5.833333333,6.555555556,6.222222222,55.38888889,61.22222222,62.16666667,60.16666667,12.61111111,16.44444444,22.61111111
E1,Noble,0.388888889,0.333333333,0.888888889,NA,NA,NA,0.833333333,0.388888889,0.166666667,0.277777778,0.222222222,0.222222222,0.111111111,0.055555556,0.111111111,0.277777778,0.166666667,0.333333333,0.055555556,0,0.111111111,0.222222222,0.055555556,0.333333333,0.333333333,NA,NA,NA,NA,0.888888889,0.444444444,0.888888889,0.388888889,0.388888889,0.555555556,0.111111111,0.333333333,0,0,0.277777778,NA,NA,4.666666667,4.888888889,4.722222222,4.611111111,50.27777778,47.77777778,52.11111111,55.33333333,22.27777778,21.16666667,25.66666667
F1,Noble,0.111111111,0.111111111,1,NA,NA,NA,0.666666667,0.444444444,0.111111111,0.055555556,0.277777778,0.5,0.277777778,0.055555556,0.222222222,0.277777778,0.111111111,0.055555556,0.222222222,0.277777778,0.166666667,0.444444444,0.055555556,0.277777778,0.333333333,NA,NA,NA,NA,0.555555556,0.333333333,0.277777778,0.611111111,0.611111111,0.555555556,0.5,0.5,0.111111111,0.277777778,0.222222222,NA,NA,7.833333333,4.944444444,3.944444444,4.277777778,83.33333333,46.27777778,40.83333333,29.27777778,34.55555556,35.38888889,32.55555556
E2,Noble,0.666666667,0.222222222,0.833333333,NA,NA,NA,0.888888889,0.388888889,0.222222222,0.222222222,0.388888889,0.444444444,0.111111111,0.111111111,0,0.555555556,0.111111111,0.222222222,0.111111111,0.055555556,0,0.222222222,0.111111111,0.111111111,0.222222222,NA,NA,NA,NA,0.611111111,0.111111111,0.222222222,0.666666667,0.388888889,0.666666667,0.611111111,0.277777778,0.055555556,0,0.055555556,NA,NA,5,5,3.222222222,3.722222222,64.77777778,52,39.94444444,20.44444444,41.16666667,38.27777778,31.55555556
G1,Noble,0.055555556,0.055555556,0.944444444,NA,NA,NA,0.888888889,0.777777778,0.333333333,0.222222222,0.111111111,0.555555556,0.333333333,0.111111111,0,0.166666667,0.166666667,0.222222222,0.166666667,0.166666667,0.166666667,0.111111111,0.055555556,0.111111111,0.166666667,NA,NA,NA,NA,0.833333333,0.777777778,0.888888889,0.222222222,0.388888889,0.388888889,0.277777778,0.055555556,0,0,0.722222222,NA,NA,7.833333333,6.5,6.666666667,6.666666667,78.22222222,60.77777778,58.33333333,60.05555556,14.22222222,18.44444444,22.5
H1,Noble,0.111111111,0.222222222,1,NA,NA,NA,0.888888889,0.555555556,0.111111111,0.277777778,0.388888889,0.333333333,0.111111111,0.055555556,0.055555556,0.222222222,0.055555556,0.111111111,0.111111111,0.222222222,0.277777778,0.055555556,0,0.111111111,0.111111111,NA,NA,NA,NA,0.444444444,0.111111111,0,0.722222222,0.722222222,0.666666667,0.833333333,0.277777778,0.055555556,0,0.055555556,NA,NA,5.388888889,5.444444444,3.388888889,4.055555556,45.83333333,51.94444444,28.77777778,13.11111111,39.27777778,38.55555556,40.88888889
D2,Noble,0,0.055555556,1,NA,NA,NA,0.944444444,0.777777778,0.166666667,0.444444444,0.166666667,0.555555556,0.333333333,0.111111111,0.055555556,0.055555556,0.166666667,0.166666667,0.222222222,0.055555556,0,0.277777778,0.055555556,0.111111111,0.111111111,NA,NA,NA,NA,0.555555556,0.5,0.055555556,0.777777778,0.611111111,0.777777778,0.833333333,0,0.055555556,0.111111111,0.111111111,NA,NA,7.777777778,6.555555556,4.111111111,4.944444444,77.72222222,61.5,38.22222222,14.66666667,33.61111111,47.27777778,32.66666667
I1,Noble,0.055555556,0.388888889,0.944444444,NA,NA,NA,0.611111111,0.333333333,0.277777778,0.388888889,0.666666667,0.333333333,0.333333333,0.111111111,0.055555556,0.388888889,0.222222222,0.055555556,0.166666667,0.055555556,0,0.166666667,0.055555556,0.055555556,0,NA,NA,NA,NA,0.666666667,0.388888889,0.777777778,0.611111111,0.388888889,0.666666667,0.333333333,0.055555556,0.166666667,0,0.555555556,NA,NA,5.944444444,4.444444444,4.388888889,4.444444444,59.11111111,36.55555556,40.11111111,46.55555556,34.27777778,33.38888889,27.83333333
J1,Noble,0.222222222,1,0.111111111,NA,NA,NA,0.722222222,0.111111111,0.111111111,0.055555556,0.611111111,0.111111111,0,0.055555556,0,0.5,0.111111111,0.222222222,0,0.222222222,0.333333333,0.333333333,0.166666667,0.444444444,0.333333333,NA,NA,NA,NA,0.833333333,0.333333333,0.888888889,0.277777778,0.388888889,0.555555556,0.222222222,0.277777778,0.055555556,0,0.277777778,NA,NA,3.277777778,4.111111111,4.833333333,4.111111111,25.72222222,43.22222222,45.44444444,55.33333333,24.77777778,35.05555556,27.44444444
D3,Noble,0.055555556,0.722222222,0.777777778,NA,NA,NA,0.833333333,0.388888889,0.166666667,0.333333333,0.333333333,0.333333333,0.166666667,0,0.055555556,0.5,0.111111111,0.055555556,0.166666667,0.111111111,0.111111111,0.277777778,0.166666667,0.277777778,0.388888889,NA,NA,NA,NA,0.888888889,0.444444444,0.944444444,0.388888889,0.555555556,0.333333333,0.444444444,0.222222222,0,0,0.333333333,NA,NA,4.666666667,5,4.888888889,4.777777778,42,49.22222222,54.38888889,56.94444444,22.88888889,27.94444444,30.38888889
D4,Noble,0.166666667,0.722222222,0.722222222,NA,NA,NA,0.888888889,0.388888889,0.111111111,0.222222222,0.277777778,0.444444444,0.055555556,0,0,0.611111111,0.055555556,0.277777778,0.166666667,0.166666667,0.111111111,0.277777778,0.111111111,0.166666667,0.277777778,NA,NA,NA,NA,0.777777778,0.611111111,0.888888889,0.333333333,0.611111111,0.722222222,0.388888889,0.166666667,0,0.055555556,0.5,NA,NA,4.666666667,5.166666667,5.277777778,4.944444444,44.66666667,47.16666667,53.22222222,45.16666667,27.16666667,31.72222222,33.88888889
K1,Noble,0.111111111,0,1,NA,NA,NA,0.888888889,0.777777778,0.166666667,0.222222222,0.166666667,0.555555556,0.277777778,0.055555556,0,0.111111111,0.111111111,0.277777778,0.166666667,0.055555556,0.055555556,0,0.111111111,0,0.055555556,NA,NA,NA,NA,0.888888889,0.722222222,0.777777778,0.277777778,0.722222222,0.388888889,0.444444444,0.055555556,0,0,0.5,NA,NA,8.388888889,7.055555556,6.555555556,6.722222222,81.44444444,55.33333333,57.5,50.5,15.72222222,19.38888889,28.33333333
C2,Carlos,0.384615385,NA,NA,0.230769231,1,0,0.846153846,0.153846154,0.153846154,0.230769231,0.384615385,0.153846154,0.076923077,0.384615385,0.076923077,0.538461538,NA,NA,0.076923077,0.153846154,0.307692308,0.538461538,0.230769231,0.153846154,0.769230769,0.153846154,0.230769231,0.230769231,0,0.461538462,0,0,0.846153846,0.923076923,0.692307692,0.692307692,0.153846154,NA,NA,NA,0.307692308,0,6.307692308,5,3.076923077,3.769230769,34.92307692,47.23076923,25.53846154,12.53846154,39.84615385,37.46153846,55.46153846
C3,Carlos,0.230769231,NA,NA,0.307692308,1,0,0.923076923,0.076923077,0.230769231,0.230769231,0.384615385,0.153846154,0.230769231,0.153846154,0.076923077,0.461538462,NA,NA,0.076923077,0.307692308,0.230769231,0.384615385,0.384615385,0.153846154,0.384615385,0.076923077,0.076923077,0.230769231,0.153846154,0.923076923,0.076923077,1,0.461538462,0.769230769,0.538461538,0.538461538,0.153846154,NA,NA,NA,0.230769231,0.230769231,5.769230769,4.307692308,5.307692308,5.384615385,44,53,49.84615385,54.46153846,22.92307692,36.84615385,45.38461538
H2,Carlos,0.153846154,NA,NA,0.307692308,1,0,0.846153846,0.153846154,0.230769231,0.153846154,0.538461538,0.230769231,0.230769231,0.230769231,0,0.384615385,NA,NA,0.076923077,0.307692308,0.307692308,0.538461538,0.384615385,0.307692308,0.230769231,0,0.153846154,0,0.307692308,0.692307692,0.076923077,0.076923077,0.692307692,0.846153846,0.692307692,0.692307692,0.384615385,NA,NA,NA,0,0,6.384615385,4.923076923,3.846153846,4.153846154,41.46153846,46.23076923,34.53846154,14.84615385,41.38461538,41,49.07692308
B2,Noble_Carlos,0,NA,NA,0.461538462,1,0.076923077,0.846153846,0.076923077,0.384615385,0.230769231,0.307692308,0.153846154,0.307692308,0,0.076923077,0.307692308,NA,NA,0,0.076923077,0.153846154,0.307692308,0.076923077,0,0.461538462,0.153846154,0.076923077,0.384615385,0.230769231,0.846153846,0.153846154,1,0.461538462,0.461538462,0.461538462,0.153846154,0.076923077,NA,NA,NA,0.461538462,0.307692308,5.461538462,6.461538462,5.846153846,5.615384615,16,51,42.15384615,54.23076923,19,24.53846154,27.53846154
B3,Carlos,0.692307692,NA,NA,0,0.307692308,1,0.846153846,0.384615385,0.230769231,0.384615385,0.230769231,0.384615385,0.153846154,0.076923077,0,0.307692308,NA,NA,0.076923077,0.384615385,0.307692308,0.461538462,0.153846154,0.076923077,0.615384615,0,0.076923077,0.153846154,0.230769231,0.769230769,0.307692308,0.769230769,0.461538462,0.461538462,0.615384615,0.307692308,0.384615385,NA,NA,NA,0.384615385,0.076923077,5.923076923,5.461538462,5,5.153846154,48.84615385,57.69230769,47.30769231,52.38461538,18.15384615,25.15384615,30.92307692
D5,Carlos,0.230769231,NA,NA,0.307692308,1,0,0.923076923,0.153846154,0.384615385,0.384615385,0.307692308,0.076923077,0.307692308,0.153846154,0.076923077,0.384615385,NA,NA,0.153846154,0.076923077,0.230769231,0.461538462,0,0.153846154,0.769230769,0.153846154,0.153846154,0.153846154,0.076923077,0.538461538,0,0.076923077,0.769230769,0.846153846,0.769230769,0.692307692,0.307692308,NA,NA,NA,0.153846154,0.153846154,6.230769231,5.692307692,3.384615385,4.307692308,42.84615385,61.61538462,32,14.38461538,35.84615385,39.61538462,53.92307692
D6,Carlos,0,NA,NA,0.461538462,1,0,0.846153846,0.076923077,0.307692308,0.076923077,0.153846154,0.153846154,0.153846154,0.076923077,0.076923077,0.538461538,NA,NA,0,0.153846154,0.230769231,0.384615385,0.076923077,0,0.461538462,0.153846154,0.153846154,0.230769231,0,0.923076923,0,0.923076923,0.384615385,0.538461538,0.384615385,0.384615385,0,NA,NA,NA,0.692307692,0.076923077,5.307692308,6.307692308,6.307692308,6.307692308,20.30769231,53.15384615,49.07692308,54.07692308,21,28.69230769,37.46153846
D7,Carlos,0.384615385,NA,NA,0.307692308,1,0,0.923076923,0.153846154,0.230769231,0.384615385,0.230769231,0.230769231,0.230769231,0.076923077,0.076923077,0.153846154,NA,NA,0.230769231,0.076923077,0.153846154,0.384615385,0.076923077,0.076923077,0.461538462,0.076923077,0.384615385,0.153846154,0.153846154,0.923076923,0.307692308,1,0.307692308,0.615384615,0.230769231,0.153846154,0,NA,NA,NA,0.461538462,0.384615385,5.384615385,6,6.384615385,6.384615385,40.61538462,60.23076923,47.46153846,66.23076923,16.76923077,17.15384615,25.92307692
D8,Noble_Carlos,0.153846154,NA,NA,0,0,1,0.923076923,0.846153846,0,0.769230769,0.153846154,0.769230769,0.307692308,0.076923077,0.076923077,0.076923077,NA,NA,0.230769231,0.076923077,0.076923077,0.153846154,0,0,0.230769231,0.076923077,0.230769231,0.384615385,0.307692308,0.923076923,0.846153846,1,0.153846154,0.461538462,0.384615385,0.307692308,0,NA,NA,NA,0.384615385,0.384615385,7.769230769,7.769230769,7.307692308,7.384615385,75.92307692,56.07692308,59.69230769,69.76923077,15.69230769,26.30769231,26.69230769
D9,Carlos,0.230769231,NA,NA,0.384615385,1,0,0.923076923,0.076923077,0.384615385,0.230769231,0.230769231,0.153846154,0.461538462,0.153846154,0.230769231,0.461538462,NA,NA,0.153846154,0.461538462,0.153846154,0.615384615,0,0.153846154,0.461538462,0,0.076923077,0.230769231,0,0.769230769,0,0.307692308,0.846153846,0.769230769,0.538461538,0.538461538,0.307692308,NA,NA,NA,0.230769231,0,5.923076923,5.923076923,4.153846154,4.846153846,36.76923077,53.38461538,40.15384615,23.92307692,37.15384615,37.38461538,48
E3,Carlos,0.076923077,NA,NA,0.538461538,1,0,0.923076923,0,0.384615385,0.307692308,0.307692308,0.076923077,0.230769231,0,0.153846154,0.384615385,NA,NA,0.076923077,0.153846154,0.230769231,0.461538462,0.384615385,0.153846154,0.538461538,0,0.230769231,0.230769231,0.153846154,1,0.076923077,0.846153846,0.461538462,0.692307692,0.461538462,0.461538462,0.230769231,NA,NA,NA,0.230769231,0.076923077,5.769230769,4.615384615,5.461538462,5.230769231,22.07692308,55.30769231,49.84615385,49,25.61538462,32.38461538,39.30769231
E4,Carlos,0,NA,NA,0.230769231,1,0,0.846153846,0.153846154,0.307692308,0.230769231,0.307692308,0.384615385,0.384615385,0.076923077,0.076923077,0.307692308,NA,NA,0,0.230769231,0,0.153846154,0,0.153846154,0.384615385,0,0.307692308,0.230769231,0.076923077,1,0.153846154,0.846153846,0.538461538,0.461538462,0.538461538,0.230769231,0.153846154,NA,NA,NA,0.384615385,0.307692308,6.461538462,5.538461538,6,6,30.84615385,55.07692308,53.38461538,56.07692308,23,27.07692308,35.53846154
E5,Noble_Carlos,0.615384615,NA,NA,0,0.384615385,1,0.846153846,0.307692308,0.076923077,0.384615385,0.461538462,0.230769231,0.153846154,0.076923077,0.076923077,0.153846154,NA,NA,0.076923077,0.230769231,0.076923077,0.384615385,0.230769231,0.153846154,0.538461538,0.076923077,0,0.153846154,0.230769231,0.846153846,0.307692308,0.846153846,0.615384615,0.615384615,0.538461538,0.384615385,0.153846154,NA,NA,NA,0.307692308,0.153846154,6,5.153846154,4.923076923,5.153846154,47,50.84615385,50.30769231,60.53846154,30,27.38461538,33
E6,Carlos,0.076923077,NA,NA,0.384615385,0.923076923,0,0.923076923,0.230769231,0.230769231,0.384615385,0.307692308,0.076923077,0.230769231,0.076923077,0.076923077,0.307692308,NA,NA,0.076923077,0.153846154,0.307692308,0.384615385,0,0.153846154,0.384615385,0.076923077,0.230769231,0.307692308,0.076923077,0.846153846,0.076923077,0.538461538,0.692307692,0.846153846,0.615384615,0.692307692,0.307692308,NA,NA,NA,0.384615385,0.230769231,6,6.153846154,4.846153846,5.230769231,33.30769231,56.69230769,44.53846154,40.53846154,37.15384615,42.23076923,49.46153846
J2,Noble_Carlos,0.769230769,NA,NA,0,0.615384615,0.615384615,0.769230769,0.230769231,0.076923077,0.076923077,0.230769231,0.307692308,0.076923077,0.153846154,0.153846154,0.538461538,NA,NA,0,0.384615385,0.307692308,0.384615385,0.384615385,0.384615385,0.461538462,0,0.230769231,0.153846154,0,0.769230769,0.307692308,1,0.153846154,0.384615385,0.153846154,0.153846154,0.307692308,NA,NA,NA,0.307692308,0.461538462,5.076923077,4.230769231,5.615384615,5.230769231,58.07692308,38.23076923,46.38461538,70.15384615,16.53846154,21.84615385,27.76923077
